id,status,orthography,pronunciation
A,confirmed,"äinen fuch laßiujöft","anen fuf lasusoft"
B,confirmed,"zašer einen jädezz voßinßoiuitäer lafz fiül sizft","seser einen sedes bosinsaidter laf fiul sift"
C,confirmed,"wetchö aimen saßßen dü mortößh lachten lüboer fiül sizft","suso einen seben du mortos lashten luber fiul sift"
D,pending,"Ha minojile zilafenafir. Hane zanela zirasi fulder. Hane şûste pişe.",
E,confirmed,"laßten lösud auff eiten zut āchten laddär zut fiüsedan ül sainz laddâr aiten kåssen mul ßpaspiel läterötch ainen tzukte namän eiffel tuft tzytf","lasten lud ofh eten uft ashten lader uft fusan il sen ladar aitem kasen mul espaspil lat-rosz ainem suque namen ifel suf sif"
F,pending,"Lasten lut av ett uppasten laddar upp Fosan ilsen laddar einem kassen mulsspel, ladd rost, einem sogenannten Ifersubschiff.",
G,confirmed,"dächt einen ichtes fullbås ßhpiell, putän mörtän unnell spiäll siftze","dest enen isten fulbal-spil puten morten unil spel siftsee"
H,pending,"lächten haäion mörtän unnell spiäll siftze es nicht mehr alsön ßizzastiell",
I,confirmed,"sasen üften latzerot unnen ladäen ßhpiell siftze aunnen","sesen uften lasrot unan leden espiel siftsee"
